,Unnamed: 0,prompt,response,source,prompt_length,TIMESTAMP,ContextTokens,GeneratedTokens,llm,model_name
0,1009,Where is Lake Tahoe?,"Lake Tahoe is a large freshwater lake located in the Sierra Nevada mountains, straddling the border of California and Nevada in the United States.",unified_chip2,20,2023-11-16 18:20:09.0725750,20,182,llama-2-7b-chat-hf,/home/peiman/projects/RayInference/llama-2-7b-chat-hf
1,1012,Tuple to string,Can you provide more context or information about what you are trying to accomplish with this task? It will help me provide a more accurate response.,unified_chip2,15,2023-11-16 18:22:46.6995000,15,134,llama-2-7b-chat-hf,/home/peiman/projects/RayInference/llama-2-7b-chat-hf
2,1015,Where is the sauna?,"I'm sorry, I am a language model AI and do not have access to real-time location information. Can you specify which sauna you are referring to?",unified_chip2,19,2023-11-16 18:24:40.7478710,19,178,llama-2-7b-chat-hf,/home/peiman/projects/RayInference/llama-2-7b-chat-hf
3,1019,when did ww1 end?,"World War 1 ended on November 11, 1918, at 11:00 am - this day is commemorated as Armistice Day or Remembrance Day in many countries.",unified_hc3_human,17,2023-11-16 18:21:44.0422810,17,120,llama-2-7b-chat-hf,/home/peiman/projects/RayInference/llama-2-7b-chat-hf
4,1020,string to json date.,"I'm sorry, can you please provide more context or specify what you are trying to accomplish? I'm not sure what you are asking for.",unified_chip2,20,2023-11-16 18:20:09.0725750,20,182,llama-2-7b-chat-hf,/home/peiman/projects/RayInference/llama-2-7b-chat-hf
5,1023,which player is 6-2?,"I'm sorry, it's impossible for me to answer this question as it is incomplete. Can you please provide more context or details?",unified_unifiedskg_instructions,20,2023-11-16 18:20:09.0725750,20,182,llama-2-7b-chat-hf,/home/peiman/projects/RayInference/llama-2-7b-chat-hf
6,1029,when was srv born,"SRV stands for Stevie Ray Vaughan, an American musician. He was born on October 3, 1954, and died on August 27, 1990.",unified_hc3_human,17,2023-11-16 18:21:44.0422810,17,120,llama-2-7b-chat-hf,/home/peiman/projects/RayInference/llama-2-7b-chat-hf
7,1030,Who started Google?,Larry Page and Sergey Brin started Google in September 1998 while they were Ph.D. students at Stanford University.,unified_unifiedskg_instructions,19,2023-11-16 18:24:40.7478710,19,178,llama-2-7b-chat-hf,/home/peiman/projects/RayInference/llama-2-7b-chat-hf
8,1038,What is a C-star?,"I'm sorry, but I don't have enough context to provide an answer. Could you please provide more details?",unified_chip2,17,2023-11-16 18:21:44.0422810,17,120,llama-2-7b-chat-hf,/home/peiman/projects/RayInference/llama-2-7b-chat-hf
9,1041,Who is the puppy?,"I'm sorry, I cannot provide a response as the prompt is unclear. Could you please provide more context?",unified_chip2,17,2023-11-16 18:21:44.0422810,17,120,llama-2-7b-chat-hf,/home/peiman/projects/RayInference/llama-2-7b-chat-hf
10,1049,who was last?,"I'm sorry, I cannot answer this question without more context. Please provide more information.",unified_unifiedskg_instructions,13,2023-11-16 18:16:31.8009570,13,130,llama-2-7b-chat-hf,/home/peiman/projects/RayInference/llama-2-7b-chat-hf
11,1051,Where was she born?,"I'm sorry, can you please provide more context or specify who 'she' is referring to?",unified_chip2,19,2023-11-16 18:24:40.7478710,19,178,llama-2-7b-chat-hf,/home/peiman/projects/RayInference/llama-2-7b-chat-hf
12,1058,who did hera marry?,"Hera married Zeus, the king of the gods, in Greek mythology.",unified_unifiedskg_instructions,19,2023-11-16 18:24:40.7478710,19,178,llama-2-7b-chat-hf,/home/peiman/projects/RayInference/llama-2-7b-chat-hf
13,1060,Who wrote Psalm 137?,Psalm 137 does not specifically identify its author.,unified_chip2,20,2023-11-16 18:20:09.0725750,20,182,llama-2-7b-chat-hf,/home/peiman/projects/RayInference/llama-2-7b-chat-hf
14,1064,where  is kj 52 from,"KJ-52 is from Tampa, Florida, United States.",unified_hc3_human,20,2023-11-16 18:20:09.0725750,20,182,llama-2-7b-chat-hf,/home/peiman/projects/RayInference/llama-2-7b-chat-hf
15,1065,who founded walmart,Walmart was founded by Sam Walton in 1962.,unified_hc3_human,19,2023-11-16 18:24:40.7478710,19,178,llama-2-7b-chat-hf,/home/peiman/projects/RayInference/llama-2-7b-chat-hf
16,1066,when did wwi begin,"World War I began on July 28, 1914.",unified_hc3_human,18,2023-11-16 18:22:25.8926230,18,128,llama-2-7b-chat-hf,/home/peiman/projects/RayInference/llama-2-7b-chat-hf
17,1067,who created facebook,Mark Zuckerberg created Facebook.,unified_hc3_human,20,2023-11-16 18:20:09.0725750,20,182,llama-2-7b-chat-hf,/home/peiman/projects/RayInference/llama-2-7b-chat-hf
18,1070,what state is Mn,Minnesota,unified_hc3_human,16,2023-11-16 18:23:12.7229600,16,163,llama-2-7b-chat-hf,/home/peiman/projects/RayInference/llama-2-7b-chat-hf
